Alice,666e8c3f964112c2ce6c4fe1254e3bce5277204294ca5730d66a3fd3fcef5e08
Bob,1c6bdbb963ced1fa819ff8a84192618a6d92bb499271021608bc1e57fad81a4c
Charlie,12821427784925ab125a1855666495c31437c73f5de57c2d70c08ee308056a1b
Diana,5053a9bdf67d1593c5fc8441ddf6832a79d9ce8377c4a771510f4ce6a49db851
Eve,9488257d3bed60a2f0387e12143e79d8e58b9214bb557d39b48c16e1e85f2768
Frank,2fc03201b7085c6a4d900fcc2bee871f7341fb945fa8b37426f80c54b3ec85f6
Grace,b7a1f5f29e345e772761c15c6842ebb83f55318433fcb345812fd0128127da0a
Henry,18ce7b33cc7e06e26fa62ecab5c0bf610d40a625342163cee6de19bc02e46559
Irene,2747dbe937e4d7dc460c5e9022e5294f25fce6b73310754f4014a89588d528cb
Jack,4b2478117f0290dc9b7b85ee52757480d335a18225487ef42e32f7b2629d9e34
